Sno,Admission Number,Fee Head,Fees Assigned,concession,Paid,Due
3,10003367,Parent Orientation,1000,0,1000,0
5,10003365,Parent Orientation,1000,0,1000,0
6,10003364,Parent Orientation,1000,0,1000,0
7,10003362,Parent Orientation,1000,0,1000,0
8,10003361,Parent Orientation,1000,0,1000,0
9,10003360,Parent Orientation,1000,0,1000,0
10,10003359,Parent Orientation,1000,0,1000,0
11,10003357,Parent Orientation,1000,0,1000,0
12,10003356,Parent Orientation,1000,0,1000,0
13,10003368,Parent Orientation,1000,0,1000,0
14,10003369,Parent Orientation,1000,0,1000,0
15,10003370,Parent Orientation,1000,0,1000,0
16,10003371,Parent Orientation,1000,0,1000,0
17,10003372,Parent Orientation,1000,0,1000,0
18,10003373,Parent Orientation,1000,0,1000,0
19,10003374,Parent Orientation,1000,0,1000,0
20,10003307,Parent Orientation,1000,1000,0,0
21,10003299,Parent Orientation,1000,1000,0,0
22,10003313,Parent Orientation,1000,0,1000,0
23,10003221,Parent Orientation,1000,1000,0,0
24,10000913,Parent Orientation,1000,0,1000,0
25,10001670,Parent Orientation,1000,0,1000,0
26,10001371,Parent Orientation,1000,0,1000,0
27,10002939,Parent Orientation,1000,0,1000,0
28,10001546,Parent Orientation,1000,0,1000,0
29,10001190,Parent Orientation,1000,0,1000,0
30,10000820,Parent Orientation,1000,0,1000,0
31,10000846,Parent Orientation,1000,0,1000,0
32,10000963,Parent Orientation,1000,0,1000,0
33,10001347,Parent Orientation,1000,0,1000,0
34,10000940,Parent Orientation,1000,0,1000,0
35,10001911,Parent Orientation,1000,0,1000,0
36,10001166,Parent Orientation,1000,0,1000,0
37,10000951,Parent Orientation,1000,1000,0,0
38,10000814,Parent Orientation,1000,0,1000,0
39,10000888,Parent Orientation,1000,0,1000,0
40,10001697,Parent Orientation,1000,0,1000,0
41,10001345,Parent Orientation,1000,0,1000,0
42,10001933,Parent Orientation,1000,0,1000,0
43,10003285,Parent Orientation,1000,0,1000,0
44,10003284,Parent Orientation,1000,0,1000,0
45,10001726,Parent Orientation,1000,0,1000,0
46,10000967,Parent Orientation,1000,0,1000,0
47,10001886,Parent Orientation,1000,0,1000,0
48,10000952,Parent Orientation,1000,0,1000,0
49,10003262,Parent Orientation,1000,0,1000,0
50,10000907,Parent Orientation,1000,0,1000,0
51,10000860,Parent Orientation,1000,0,1000,0
52,10001367,Parent Orientation,1000,0,1000,0
53,10001119,Parent Orientation,1000,0,1000,0
54,10003076,Parent Orientation,1000,0,1000,0
55,10001010,Parent Orientation,1000,0,1000,0
56,10001156,Parent Orientation,1000,0,1000,0
57,10000815,Parent Orientation,1000,0,1000,0
58,10000933,Parent Orientation,1000,0,1000,0
59,10001211,Parent Orientation,1000,0,1000,0
60,10000817,Parent Orientation,1000,0,0,1000
61,10003244,Parent Orientation,1000,0,1000,0
62,10000884,Parent Orientation,1000,0,1000,0
63,10001268,Parent Orientation,1000,0,1000,0
64,10000898,Parent Orientation,1000,0,1000,0
65,10001075,Parent Orientation,1000,0,1000,0
66,10001437,Parent Orientation,1000,0,1000,0
67,10001231,Parent Orientation,1000,0,0,1000
68,10003302,Parent Orientation,1000,0,1000,0
69,10003287,Parent Orientation,1000,0,1000,0
70,10001187,Parent Orientation,1000,0,1000,0
71,10003109,Parent Orientation,1000,0,1000,0
72,10003276,Parent Orientation,1000,0,1000,0
73,10001228,Parent Orientation,1000,0,1000,0
74,10001017,Parent Orientation,1000,0,1000,0
75,10000882,Parent Orientation,1000,0,0,1000
76,10001152,Parent Orientation,1000,0,1000,0
77,10001401,Parent Orientation,1000,0,1000,0
78,10000938,Parent Orientation,1000,0,1000,0
79,10001059,Parent Orientation,1000,0,1000,0
80,10000924,Parent Orientation,1000,1000,0,0
81,10000842,Parent Orientation,1000,0,1000,0
82,10001149,Parent Orientation,1000,1000,0,0
83,10000965,Parent Orientation,1000,0,1000,0
84,10000941,Parent Orientation,1000,0,1000,0
85,10002883,Parent Orientation,1000,0,1000,0
86,10001057,Parent Orientation,1000,0,1000,0
87,10000818,Parent Orientation,1000,0,1000,0
88,10000939,Parent Orientation,1000,0,1000,0
89,10002492,Parent Orientation,1000,0,1000,0
90,10001251,Parent Orientation,1000,0,0,1000
91,10003199,Parent Orientation,1000,0,1000,0
92,10001106,Parent Orientation,1000,0,0,1000
93,10003213,Parent Orientation,1000,0,1000,0
94,10001145,Parent Orientation,1000,0,1000,0
95,10000847,Parent Orientation,1000,0,0,1000
96,10001368,Parent Orientation,1000,0,1000,0
97,10001159,Parent Orientation,1000,0,1000,0
98,10000826,Parent Orientation,1000,0,1000,0
99,10001274,Parent Orientation,1000,0,1000,0
100,10001568,Parent Orientation,1000,0,1000,0
101,10001565,Parent Orientation,1000,0,1000,0
102,10001295,Parent Orientation,1000,0,1000,0
103,10001193,Parent Orientation,1000,0,1000,0
104,10001323,Parent Orientation,1000,0,0,1000
105,10002128,Parent Orientation,1000,0,1000,0
106,10001191,Parent Orientation,1000,0,1000,0
107,10003301,Parent Orientation,1000,0,1000,0
108,10003300,Parent Orientation,1000,0,1000,0
109,10003170,Parent Orientation,1000,0,1000,0
110,10001188,Parent Orientation,1000,0,1000,0
111,10001990,Parent Orientation,1000,0,1000,0
112,10001239,Parent Orientation,1000,1000,0,0
113,10001545,Parent Orientation,1000,0,1000,0
114,10001013,Parent Orientation,1000,0,0,1000
115,10001267,Parent Orientation,1000,1000,0,0
116,10003067,Parent Orientation,1000,0,0,1000
117,10001271,Parent Orientation,1000,0,1000,0
118,10002807,Parent Orientation,1000,1000,0,0
119,10001256,Parent Orientation,1000,0,1000,0
120,10001336,Parent Orientation,1000,0,1000,0
121,10001290,Parent Orientation,1000,0,1000,0
122,10001260,Parent Orientation,1000,0,1000,0
123,10001922,Parent Orientation,1000,0,1000,0
124,10001712,Parent Orientation,1000,0,1000,0
125,10001660,Parent Orientation,1000,0,1000,0
126,10001377,Parent Orientation,1000,1000,0,0
127,10001135,Parent Orientation,1000,0,1000,0
128,10001303,Parent Orientation,1000,0,1000,0
129,10001321,Parent Orientation,1000,0,1000,0
130,10001208,Parent Orientation,1000,0,1000,0
131,10001142,Parent Orientation,1000,0,1000,0
132,10000899,Parent Orientation,1000,0,1000,0
133,10001248,Parent Orientation,1000,1000,0,0
134,10003273,Parent Orientation,1000,0,1000,0
135,10001309,Parent Orientation,1000,0,1000,0
136,10003169,Parent Orientation,1000,0,1000,0
137,10003150,Parent Orientation,1000,0,1000,0
138,10001280,Parent Orientation,1000,0,1000,0
139,10002827,Parent Orientation,1000,0,1000,0
140,10001127,Parent Orientation,1000,0,0,1000
141,10001936,Parent Orientation,1000,0,1000,0
142,10002160,Parent Orientation,1000,0,1000,0
143,10001307,Parent Orientation,1000,0,0,1000
144,10001581,Parent Orientation,1000,0,1000,0
145,10001337,Parent Orientation,1000,0,1000,0
146,10002327,Parent Orientation,1000,0,1000,0
147,10002372,Parent Orientation,1000,1000,0,0
148,10001227,Parent Orientation,1000,0,0,1000
149,10001384,Parent Orientation,1000,0,1000,0
150,10001686,Parent Orientation,1000,0,0,1000
151,10001457,Parent Orientation,1000,0,0,1000
152,10001326,Parent Orientation,1000,0,1000,0
153,10002157,Parent Orientation,1000,1000,0,0
154,10001324,Parent Orientation,1000,0,1000,0
155,10001713,Parent Orientation,1000,0,1000,0
156,10001494,Parent Orientation,1000,0,1000,0
157,10002703,Parent Orientation,1000,0,1000,0
158,10001862,Parent Orientation,1000,0,1000,0
159,10001292,Parent Orientation,1000,0,1000,0
160,10001953,Parent Orientation,1000,0,1000,0
161,10001844,Parent Orientation,1000,0,1000,0
162,10003303,Parent Orientation,1000,0,1000,0
163,10001711,Parent Orientation,1000,0,1000,0
164,10003133,Parent Orientation,1000,0,1000,0
165,10001420,Parent Orientation,1000,0,1000,0
166,10001181,Parent Orientation,1000,0,1000,0
167,10001129,Parent Orientation,1000,0,0,1000
168,10001255,Parent Orientation,1000,0,1000,0
169,10001286,Parent Orientation,1000,0,1000,0
170,10001234,Parent Orientation,1000,1000,0,0
171,10001233,Parent Orientation,1000,0,1000,0
172,10001243,Parent Orientation,1000,0,1000,0
173,10001340,Parent Orientation,1000,0,1000,0
174,10002860,Parent Orientation,1000,0,1000,0
175,10002102,Parent Orientation,1000,0,1000,0
176,10001535,Parent Orientation,1000,0,1000,0
177,10002800,Parent Orientation,1000,1000,0,0
178,10001157,Parent Orientation,1000,0,1000,0
179,10002617,Parent Orientation,1000,0,1000,0
180,10002104,Parent Orientation,1000,0,1000,0
181,10001242,Parent Orientation,1000,0,1000,0
182,10001293,Parent Orientation,1000,0,1000,0
183,10002302,Parent Orientation,1000,0,1000,0
184,10001131,Parent Orientation,1000,0,1000,0
185,10001311,Parent Orientation,1000,0,1000,0
186,10001418,Parent Orientation,1000,0,1000,0
187,10001310,Parent Orientation,1000,0,1000,0
188,10001451,Parent Orientation,1000,1000,0,0
189,10001314,Parent Orientation,1000,0,1000,0
190,10002296,Parent Orientation,1000,0,1000,0
191,10001854,Parent Orientation,1000,0,1000,0
192,10001408,Parent Orientation,1000,0,0,1000
193,10001514,Parent Orientation,1000,0,1000,0
194,10002962,Parent Orientation,1000,0,1000,0
195,10001512,Parent Orientation,1000,0,1000,0
196,10001335,Parent Orientation,1000,0,1000,0
197,10001455,Parent Orientation,1000,0,1000,0
198,10002986,Parent Orientation,1000,0,1000,0
199,10003029,Parent Orientation,1000,0,1000,0
200,10001304,Parent Orientation,1000,1000,0,0
201,10002785,Parent Orientation,1000,0,1000,0
202,10001843,Parent Orientation,1000,0,1000,0
203,10001339,Parent Orientation,1000,0,1000,0
204,10001669,Parent Orientation,1000,0,0,1000
205,10001859,Parent Orientation,1000,0,1000,0
206,10001528,Parent Orientation,1000,0,1000,0
207,10001674,Parent Orientation,1000,0,1000,0
208,10001328,Parent Orientation,1000,0,0,1000
209,10001778,Parent Orientation,1000,0,1000,0
210,10001454,Parent Orientation,1000,1000,0,0
211,10001460,Parent Orientation,1000,0,1000,0
212,10001458,Parent Orientation,1000,0,1000,0
213,10001453,Parent Orientation,1000,0,1000,0
214,10001322,Parent Orientation,1000,0,1000,0
215,10001318,Parent Orientation,1000,0,1000,0
216,10001710,Parent Orientation,1000,0,1000,0
217,10001325,Parent Orientation,1000,0,1000,0
218,10001481,Parent Orientation,1000,1000,0,0
219,10001557,Parent Orientation,1000,0,1000,0
220,10001737,Parent Orientation,1000,0,1000,0
221,10003294,Parent Orientation,1000,0,1000,0
222,10001591,Parent Orientation,1000,0,1000,0
223,10001441,Parent Orientation,1000,0,1000,0
224,10003240,Parent Orientation,1000,0,1000,0
225,10003161,Parent Orientation,1000,0,1000,0
226,10001471,Parent Orientation,1000,0,1000,0
227,10001536,Parent Orientation,1000,1000,0,0
228,10002991,Parent Orientation,1000,0,1000,0
229,10001714,Parent Orientation,1000,0,1000,0
230,10001531,Parent Orientation,1000,0,1000,0
231,10001576,Parent Orientation,1000,0,0,1000
232,10001537,Parent Orientation,1000,0,1000,0
233,10001501,Parent Orientation,1000,0,1000,0
234,10003092,Parent Orientation,1000,0,1000,0
235,10001300,Parent Orientation,1000,0,1000,0
236,10002340,Parent Orientation,1000,1000,0,0
237,10001464,Parent Orientation,1000,0,1000,0
238,10002097,Parent Orientation,1000,0,1000,0
239,10001960,Parent Orientation,1000,0,0,1000
240,10001863,Parent Orientation,1000,0,1000,0
241,10001582,Parent Orientation,1000,0,1000,0
242,10001694,Parent Orientation,1000,0,1000,0
243,10001298,Parent Orientation,1000,0,1000,0
244,10001684,Parent Orientation,1000,0,1000,0
245,10001490,Parent Orientation,1000,0,1000,0
246,10001698,Parent Orientation,1000,0,1000,0
247,10001370,Parent Orientation,1000,0,1000,0
248,10001305,Parent Orientation,1000,0,1000,0
249,10001452,Parent Orientation,1000,0,1000,0
250,10001667,Parent Orientation,1000,0,1000,0
251,10003279,Parent Orientation,1000,0,1000,0
252,10001317,Parent Orientation,1000,0,1000,0
253,10003096,Parent Orientation,1000,0,0,1000
254,10002941,Parent Orientation,1000,0,1000,0
255,10001381,Parent Orientation,1000,0,1000,0
256,10001857,Parent Orientation,1000,0,1000,0
257,10001751,Parent Orientation,1000,0,1000,0
258,10001462,Parent Orientation,1000,0,1000,0
259,10002196,Parent Orientation,1000,0,1000,0
260,10001331,Parent Orientation,1000,0,1000,0
261,10001563,Parent Orientation,1000,0,1000,0
262,10001489,Parent Orientation,1000,1000,0,0
263,10002997,Parent Orientation,1000,0,1000,0
264,10002972,Parent Orientation,1000,0,1000,0
265,10001308,Parent Orientation,1000,0,1000,0
266,10002565,Parent Orientation,1000,1000,0,0
267,10002486,Parent Orientation,1000,0,1000,0
268,10001574,Parent Orientation,1000,1000,0,0
269,10002214,Parent Orientation,1000,0,1000,0
270,10001892,Parent Orientation,1000,0,1000,0
271,10002186,Parent Orientation,1000,0,0,1000
272,10001443,Parent Orientation,1000,0,1000,0
273,10001375,Parent Orientation,1000,0,1000,0
274,10001682,Parent Orientation,1000,0,1000,0
275,10001333,Parent Orientation,1000,0,1000,0
276,10001580,Parent Orientation,1000,0,1000,0
277,10001509,Parent Orientation,1000,0,1000,0
278,10002711,Parent Orientation,1000,0,1000,0
279,10001543,Parent Orientation,1000,0,1000,0
280,10001642,Parent Orientation,1000,0,1000,0
281,10001515,Parent Orientation,1000,0,1000,0
282,10001606,Parent Orientation,1000,0,1000,0
283,10003236,Parent Orientation,1000,0,1000,0
284,10001474,Parent Orientation,1000,0,1000,0
285,10001442,Parent Orientation,1000,0,1000,0
286,10001477,Parent Orientation,1000,0,1000,0
287,10001643,Parent Orientation,1000,0,1000,0
288,10001482,Parent Orientation,1000,0,1000,0
289,10002920,Parent Orientation,1000,0,1000,0
290,10001579,Parent Orientation,1000,0,1000,0
291,10002851,Parent Orientation,1000,0,1000,0
292,10001630,Parent Orientation,1000,0,1000,0
293,10001784,Parent Orientation,1000,0,1000,0
294,10001756,Parent Orientation,1000,0,1000,0
295,10002133,Parent Orientation,1000,0,0,1000
296,10002165,Parent Orientation,1000,1000,0,0
297,10001855,Parent Orientation,1000,0,1000,0
298,10001770,Parent Orientation,1000,0,1000,0
299,10001518,Parent Orientation,1000,0,1000,0
300,10001544,Parent Orientation,1000,0,1000,0
301,10001720,Parent Orientation,1000,0,1000,0
302,10002150,Parent Orientation,1000,1000,0,0
303,10002075,Parent Orientation,1000,0,1000,0
304,10002084,Parent Orientation,1000,0,1000,0
305,10001507,Parent Orientation,1000,0,1000,0
306,10001476,Parent Orientation,1000,0,1000,0
307,10001479,Parent Orientation,1000,1000,0,0
308,10001615,Parent Orientation,1000,0,1000,0
309,10001661,Parent Orientation,1000,0,1000,0
310,10001566,Parent Orientation,1000,1000,0,0
311,10001525,Parent Orientation,1000,0,1000,0
312,10003238,Parent Orientation,1000,0,1000,0
313,10003214,Parent Orientation,1000,0,1000,0
314,10003210,Parent Orientation,1000,0,1000,0
315,10003066,Parent Orientation,1000,0,0,1000
316,10003120,Parent Orientation,1000,0,1000,0
317,10003116,Parent Orientation,1000,0,1000,0
318,10001622,Parent Orientation,1000,0,1000,0
319,10003045,Parent Orientation,1000,0,0,1000
320,10003036,Parent Orientation,1000,0,1000,0
321,10002965,Parent Orientation,1000,0,1000,0
322,10002961,Parent Orientation,1000,0,1000,0
323,10002907,Parent Orientation,1000,0,1000,0
324,10001885,Parent Orientation,1000,0,0,1000
325,10001765,Parent Orientation,1000,1000,0,0
326,10002293,Parent Orientation,1000,0,1000,0
327,10002298,Parent Orientation,1000,0,1000,0
328,10001560,Parent Orientation,1000,0,1000,0
329,10002060,Parent Orientation,1000,0,1000,0
330,10002085,Parent Orientation,1000,0,1000,0
331,10001762,Parent Orientation,1000,0,1000,0
332,10002081,Parent Orientation,1000,0,0,1000
333,10001519,Parent Orientation,1000,0,1000,0
334,10001611,Parent Orientation,1000,0,1000,0
335,10001578,Parent Orientation,1000,0,0,1000
336,10001478,Parent Orientation,1000,0,1000,0
337,10001866,Parent Orientation,1000,0,1000,0
338,10001473,Parent Orientation,1000,0,0,1000
339,10003256,Parent Orientation,1000,0,1000,0
340,10003135,Parent Orientation,1000,0,1000,0
341,10001634,Parent Orientation,1000,0,1000,0
342,10002906,Parent Orientation,1000,0,1000,0
343,10002769,Parent Orientation,1000,0,1000,0
344,10001530,Parent Orientation,1000,0,1000,0
345,10001480,Parent Orientation,1000,0,1000,0
346,10001722,Parent Orientation,1000,0,1000,0
347,10002143,Parent Orientation,1000,0,1000,0
348,10002105,Parent Orientation,1000,0,1000,0
349,10001876,Parent Orientation,1000,0,1000,0
350,10001856,Parent Orientation,1000,0,1000,0
351,10001983,Parent Orientation,1000,0,1000,0
352,10001704,Parent Orientation,1000,0,1000,0
353,10001909,Parent Orientation,1000,0,1000,0
354,10001517,Parent Orientation,1000,0,1000,0
355,10001743,Parent Orientation,1000,0,1000,0
356,10002083,Parent Orientation,1000,0,1000,0
357,10001483,Parent Orientation,1000,0,1000,0
358,10002089,Parent Orientation,1000,0,1000,0
359,10003070,Parent Orientation,1000,0,1000,0
360,10001468,Parent Orientation,1000,0,1000,0
361,10001571,Parent Orientation,1000,0,1000,0
362,10001624,Parent Orientation,1000,0,1000,0
363,10001729,Parent Orientation,1000,0,1000,0
364,10001526,Parent Orientation,1000,0,1000,0
365,10001470,Parent Orientation,1000,0,0,1000
366,10001511,Parent Orientation,1000,0,1000,0
367,10001604,Parent Orientation,1000,0,1000,0
368,10003253,Parent Orientation,1000,0,1000,0
369,10002881,Parent Orientation,1000,0,1000,0
370,10002300,Parent Orientation,1000,0,1000,0
371,10002646,Parent Orientation,1000,0,1000,0
372,10001619,Parent Orientation,1000,0,1000,0
373,10002632,Parent Orientation,1000,0,1000,0
374,10001602,Parent Orientation,1000,0,1000,0
375,10002110,Parent Orientation,1000,0,1000,0
376,10001934,Parent Orientation,1000,1000,0,0
377,10001594,Parent Orientation,1000,0,0,1000
378,10001766,Parent Orientation,1000,0,1000,0
379,10001631,Parent Orientation,1000,0,1000,0
380,10001891,Parent Orientation,1000,0,1000,0
381,10001465,Parent Orientation,1000,0,1000,0
382,10002058,Parent Orientation,1000,0,1000,0
383,10002082,Parent Orientation,1000,0,1000,0
384,10003172,Parent Orientation,1000,0,1000,0
385,10002908,Parent Orientation,1000,0,1000,0
386,10001948,Parent Orientation,1000,0,1000,0
387,10001316,Parent Orientation,1000,0,0,1000
388,10002100,Parent Orientation,1000,0,1000,0
389,10001873,Parent Orientation,1000,0,0,1000
390,10001641,Parent Orientation,1000,0,0,1000
391,10001837,Parent Orientation,1000,0,1000,0
392,10001800,Parent Orientation,1000,0,1000,0
393,10001701,Parent Orientation,1000,0,1000,0
394,10001693,Parent Orientation,1000,1000,0,0
395,10001696,Parent Orientation,1000,0,1000,0
396,10001703,Parent Orientation,1000,1000,0,0
397,10001632,Parent Orientation,1000,0,1000,0
398,10003151,Parent Orientation,1000,0,0,1000
399,10003137,Parent Orientation,1000,0,1000,0
400,10001792,Parent Orientation,1000,1000,0,0
401,10002915,Parent Orientation,1000,0,0,1000
402,10001637,Parent Orientation,1000,0,1000,0
403,10002345,Parent Orientation,1000,0,1000,0
404,10001584,Parent Orientation,1000,0,1000,0
405,10001790,Parent Orientation,1000,0,1000,0
406,10001638,Parent Orientation,1000,0,1000,0
407,10001639,Parent Orientation,1000,0,1000,0
408,10001628,Parent Orientation,1000,0,1000,0
409,10002099,Parent Orientation,1000,0,1000,0
410,10002064,Parent Orientation,1000,0,1000,0
411,10002053,Parent Orientation,1000,0,1000,0
412,10002682,Parent Orientation,1000,0,1000,0
413,10002316,Parent Orientation,1000,0,1000,0
414,10001640,Parent Orientation,1000,0,1000,0
415,10001754,Parent Orientation,1000,0,1000,0
416,10002341,Parent Orientation,1000,1000,0,0
417,10002322,Parent Orientation,1000,1000,0,0
418,10001651,Parent Orientation,1000,0,1000,0
419,10002272,Parent Orientation,1000,0,1000,0
420,10002270,Parent Orientation,1000,0,1000,0
421,10002262,Parent Orientation,1000,0,0,1000
422,10002263,Parent Orientation,1000,0,1000,0
423,10002261,Parent Orientation,1000,0,1000,0
424,10002378,Parent Orientation,1000,0,1000,0
425,10002854,Parent Orientation,1000,0,1000,0
426,10002773,Parent Orientation,1000,0,1000,0
427,10002766,Parent Orientation,1000,0,1000,0
428,10002308,Parent Orientation,1000,0,1000,0
429,10002325,Parent Orientation,1000,0,1000,0
430,10002304,Parent Orientation,1000,0,0,1000
431,10002256,Parent Orientation,1000,1000,0,0
432,10002303,Parent Orientation,1000,0,1000,0
433,10002301,Parent Orientation,1000,0,1000,0
434,10002299,Parent Orientation,1000,0,0,1000
435,10002288,Parent Orientation,1000,0,1000,0
436,10002284,Parent Orientation,1000,0,1000,0
437,10002283,Parent Orientation,1000,0,1000,0
438,10002279,Parent Orientation,1000,0,1000,0
439,10002618,Parent Orientation,1000,0,1000,0
440,10002277,Parent Orientation,1000,0,1000,0
441,10002268,Parent Orientation,1000,0,1000,0
442,10001623,Parent Orientation,1000,0,1000,0
443,10002124,Parent Orientation,1000,0,1000,0
444,10001627,Parent Orientation,1000,0,1000,0
445,10002859,Parent Orientation,1000,0,1000,0
446,10002777,Parent Orientation,1000,0,1000,0
447,10001646,Parent Orientation,1000,0,1000,0
448,10002444,Parent Orientation,1000,1000,0,0
449,10001967,Parent Orientation,1000,1000,0,0
450,10001774,Parent Orientation,1000,0,1000,0
451,10002181,Parent Orientation,1000,0,1000,0
452,10002343,Parent Orientation,1000,0,1000,0
453,10001692,Parent Orientation,1000,0,1000,0
454,10001834,Parent Orientation,1000,0,1000,0
455,10003293,Parent Orientation,1000,0,1000,0
456,10003278,Parent Orientation,1000,0,1000,0
457,10003249,Parent Orientation,1000,0,1000,0
458,10003274,Parent Orientation,1000,0,1000,0
459,10003261,Parent Orientation,1000,0,1000,0
460,10001654,Parent Orientation,1000,0,1000,0
461,10003209,Parent Orientation,1000,0,1000,0
462,10003146,Parent Orientation,1000,0,1000,0
463,10001645,Parent Orientation,1000,0,0,1000
464,10002963,Parent Orientation,1000,0,1000,0
465,10001746,Parent Orientation,1000,0,1000,0
466,10002801,Parent Orientation,1000,1000,0,0
467,10002174,Parent Orientation,1000,0,1000,0
468,10002477,Parent Orientation,1000,0,1000,0
469,10002200,Parent Orientation,1000,0,1000,0
470,10002314,Parent Orientation,1000,0,1000,0
471,10003254,Parent Orientation,1000,0,1000,0
472,10003159,Parent Orientation,1000,0,1000,0
473,10003084,Parent Orientation,1000,1000,0,0
474,10002925,Parent Orientation,1000,0,1000,0
475,10002066,Parent Orientation,1000,0,1000,0
476,10002172,Parent Orientation,1000,0,1000,0
477,10002140,Parent Orientation,1000,0,1000,0
478,10002107,Parent Orientation,1000,0,1000,0
479,10002074,Parent Orientation,1000,0,1000,0
480,10001809,Parent Orientation,1000,0,1000,0
481,10001842,Parent Orientation,1000,0,1000,0
482,10001626,Parent Orientation,1000,0,1000,0
483,10003280,Parent Orientation,1000,0,1000,0
484,10003086,Parent Orientation,1000,0,1000,0
485,10002971,Parent Orientation,1000,0,1000,0
486,10002890,Parent Orientation,1000,0,1000,0
487,10002317,Parent Orientation,1000,0,1000,0
488,10001695,Parent Orientation,1000,0,0,1000
489,10001633,Parent Orientation,1000,0,1000,0
490,10002459,Parent Orientation,1000,0,1000,0
491,10001612,Parent Orientation,1000,1000,0,0
492,10001719,Parent Orientation,1000,0,0,1000
493,10002092,Parent Orientation,1000,0,1000,0
494,10002080,Parent Orientation,1000,0,1000,0
495,10002051,Parent Orientation,1000,0,1000,0
496,10001813,Parent Orientation,1000,1000,0,0
497,10002079,Parent Orientation,1000,0,1000,0
498,10002193,Parent Orientation,1000,0,0,1000
499,10001893,Parent Orientation,1000,0,1000,0
500,10002313,Parent Orientation,1000,0,1000,0
501,10001736,Parent Orientation,1000,0,1000,0
502,10001652,Parent Orientation,1000,0,1000,0
503,10002323,Parent Orientation,1000,0,1000,0
504,10001798,Parent Orientation,1000,0,1000,0
505,10002319,Parent Orientation,1000,0,1000,0
506,10001982,Parent Orientation,1000,0,1000,0
507,10001956,Parent Orientation,1000,0,1000,0
508,10001826,Parent Orientation,1000,0,1000,0
509,10002037,Parent Orientation,1000,0,1000,0
510,10001987,Parent Orientation,1000,0,1000,0
511,10002006,Parent Orientation,1000,0,1000,0
512,10001835,Parent Orientation,1000,0,1000,0
513,10003304,Parent Orientation,1000,1000,0,0
514,10002842,Parent Orientation,1000,0,1000,0
515,10002382,Parent Orientation,1000,0,1000,0
516,10001951,Parent Orientation,1000,0,0,1000
517,10002278,Parent Orientation,1000,0,1000,0
518,10002112,Parent Orientation,1000,0,1000,0
519,10002198,Parent Orientation,1000,0,1000,0
520,10002455,Parent Orientation,1000,0,1000,0
521,10001959,Parent Orientation,1000,0,1000,0
522,10002705,Parent Orientation,1000,0,1000,0
523,10002023,Parent Orientation,1000,0,1000,0
524,10001925,Parent Orientation,1000,0,1000,0
525,10002151,Parent Orientation,1000,1000,0,0
526,10001824,Parent Orientation,1000,0,1000,0
527,10002306,Parent Orientation,1000,0,1000,0
528,10002044,Parent Orientation,1000,0,1000,0
529,10001924,Parent Orientation,1000,0,1000,0
530,10002062,Parent Orientation,1000,0,1000,0
531,10002653,Parent Orientation,1000,0,1000,0
532,10002061,Parent Orientation,1000,0,1000,0
533,10002926,Parent Orientation,1000,0,1000,0
534,10002490,Parent Orientation,1000,0,1000,0
535,10002440,Parent Orientation,1000,0,1000,0
536,10001968,Parent Orientation,1000,0,1000,0
537,10001917,Parent Orientation,1000,0,1000,0
538,10002496,Parent Orientation,1000,0,1000,0
539,10002498,Parent Orientation,1000,0,1000,0
540,10002499,Parent Orientation,1000,0,0,1000
541,10002497,Parent Orientation,1000,0,1000,0
542,10002519,Parent Orientation,1000,0,1000,0
543,10003266,Parent Orientation,1000,0,1000,0
544,10003245,Parent Orientation,1000,0,1000,0
545,10003264,Parent Orientation,1000,0,1000,0
546,10003103,Parent Orientation,1000,0,1000,0
547,10003104,Parent Orientation,1000,0,1000,0
548,10001928,Parent Orientation,1000,0,1000,0
549,10002373,Parent Orientation,1000,0,1000,0
550,10002001,Parent Orientation,1000,0,1000,0
551,10002804,Parent Orientation,1000,0,1000,0
552,10002732,Parent Orientation,1000,0,1000,0
553,10002500,Parent Orientation,1000,1000,0,0
554,10002520,Parent Orientation,1000,0,1000,0
555,10002514,Parent Orientation,1000,0,1000,0
556,10002504,Parent Orientation,1000,0,0,1000
557,10002502,Parent Orientation,1000,0,1000,0
558,10002516,Parent Orientation,1000,0,1000,0
559,10002522,Parent Orientation,1000,0,1000,0
560,10002513,Parent Orientation,1000,0,1000,0
561,10001991,Parent Orientation,1000,0,1000,0
562,10001995,Parent Orientation,1000,0,1000,0
563,10003049,Parent Orientation,1000,0,1000,0
564,10002446,Parent Orientation,1000,0,1000,0
565,10001845,Parent Orientation,1000,0,1000,0
566,10001807,Parent Orientation,1000,0,1000,0
567,10001805,Parent Orientation,1000,0,1000,0
568,10002307,Parent Orientation,1000,0,1000,0
569,10002027,Parent Orientation,1000,0,1000,0
570,10002292,Parent Orientation,1000,0,1000,0
571,10001828,Parent Orientation,1000,0,1000,0
572,10001825,Parent Orientation,1000,0,1000,0
573,10002187,Parent Orientation,1000,0,1000,0
574,10002091,Parent Orientation,1000,0,1000,0
575,10002509,Parent Orientation,1000,0,1000,0
576,10002291,Parent Orientation,1000,0,1000,0
577,10002305,Parent Orientation,1000,0,1000,0
578,10003080,Parent Orientation,1000,0,1000,0
579,10003068,Parent Orientation,1000,0,1000,0
580,10002984,Parent Orientation,1000,0,1000,0
581,10002837,Parent Orientation,0,0,0,0
582,10002764,Parent Orientation,1000,0,1000,0
583,10002213,Parent Orientation,1000,0,1000,0
584,10002554,Parent Orientation,1000,0,1000,0
585,10002454,Parent Orientation,1000,0,1000,0
586,10002501,Parent Orientation,1000,0,1000,0
587,10002507,Parent Orientation,1000,0,1000,0
588,10002706,Parent Orientation,1000,0,1000,0
589,10001816,Parent Orientation,1000,1000,0,0
590,10001831,Parent Orientation,1000,0,1000,0
591,10001833,Parent Orientation,1000,0,1000,0
592,10001871,Parent Orientation,1000,0,1000,0
593,10002031,Parent Orientation,1000,0,1000,0
594,10001814,Parent Orientation,1000,0,1000,0
595,10001899,Parent Orientation,1000,0,1000,0
596,10002117,Parent Orientation,1000,0,1000,0
597,10002048,Parent Orientation,1000,0,1000,0
598,10002439,Parent Orientation,1000,0,1000,0
599,10002297,Parent Orientation,1000,0,1000,0
600,10001872,Parent Orientation,1000,1000,0,0
601,10002466,Parent Orientation,1000,0,1000,0
602,10002619,Parent Orientation,1000,0,1000,0
603,10002033,Parent Orientation,1000,0,1000,0
604,10001900,Parent Orientation,1000,0,1000,0
605,10001902,Parent Orientation,1000,0,1000,0
606,10002040,Parent Orientation,1000,0,0,1000
607,10002512,Parent Orientation,1000,1000,0,0
608,10002460,Parent Orientation,1000,0,1000,0
609,10002453,Parent Orientation,1000,0,1000,0
610,10002068,Parent Orientation,1000,0,1000,0
611,10001811,Parent Orientation,1000,0,0,1000
612,10002069,Parent Orientation,1000,0,1000,0
613,10001789,Parent Orientation,1000,0,1000,0
614,10002090,Parent Orientation,1000,0,1000,0
615,10001680,Parent Orientation,1000,0,1000,0
616,10002515,Parent Orientation,1000,0,1000,0
617,10002649,Parent Orientation,1000,0,1000,0
618,10002505,Parent Orientation,1000,0,1000,0
619,10002038,Parent Orientation,1000,1000,0,0
620,10002290,Parent Orientation,1000,0,1000,0
621,10001929,Parent Orientation,1000,0,1000,0
622,10002271,Parent Orientation,1000,0,1000,0
623,10002119,Parent Orientation,1000,0,1000,0
624,10001896,Parent Orientation,1000,0,1000,0
625,10002873,Parent Orientation,1000,0,1000,0
626,10002874,Parent Orientation,1000,0,1000,0
627,10002470,Parent Orientation,1000,0,1000,0
628,10002144,Parent Orientation,1000,1000,0,0
629,10002212,Parent Orientation,1000,0,1000,0
630,10001961,Parent Orientation,1000,0,1000,0
631,10002328,Parent Orientation,1000,0,1000,0
632,10002395,Parent Orientation,1000,0,1000,0
633,10002221,Parent Orientation,1000,0,1000,0
634,10002042,Parent Orientation,1000,0,1000,0
635,10002049,Parent Orientation,1000,0,1000,0
636,10003239,Parent Orientation,1000,0,0,1000
637,10003219,Parent Orientation,1000,0,1000,0
638,10003174,Parent Orientation,1000,0,1000,0
639,10002447,Parent Orientation,1000,0,1000,0
640,10003019,Parent Orientation,1000,0,1000,0
641,10002911,Parent Orientation,1000,0,1000,0
642,10002855,Parent Orientation,1000,0,1000,0
643,10002648,Parent Orientation,1000,0,1000,0
644,10002329,Parent Orientation,1000,0,1000,0
645,10002451,Parent Orientation,1000,0,1000,0
646,10002448,Parent Orientation,1000,0,1000,0
647,10003027,Parent Orientation,1000,0,1000,0
648,10002043,Parent Orientation,1000,0,1000,0
649,10001880,Parent Orientation,1000,0,0,1000
650,10001994,Parent Orientation,1000,0,1000,0
651,10002122,Parent Orientation,1000,0,1000,0
652,10002013,Parent Orientation,1000,0,1000,0
653,10002289,Parent Orientation,1000,0,1000,0
654,10002034,Parent Orientation,1000,0,1000,0
655,10002353,Parent Orientation,1000,0,0,1000
656,10003069,Parent Orientation,1000,0,1000,0
657,10003061,Parent Orientation,1000,0,1000,0
658,10002966,Parent Orientation,1000,0,1000,0
659,10002254,Parent Orientation,1000,0,1000,0
660,10002232,Parent Orientation,1000,0,1000,0
661,10002021,Parent Orientation,1000,0,1000,0
662,10002052,Parent Orientation,1000,0,1000,0
663,10002022,Parent Orientation,1000,0,0,1000
664,10002018,Parent Orientation,1000,0,1000,0
665,10002017,Parent Orientation,1000,0,1000,0
666,10002243,Parent Orientation,1000,0,1000,0
667,10002041,Parent Orientation,1000,0,1000,0
668,10002072,Parent Orientation,1000,0,1000,0
669,10003229,Parent Orientation,1000,0,1000,0
670,10003215,Parent Orientation,1000,0,1000,0
671,10003155,Parent Orientation,1000,0,1000,0
672,10003147,Parent Orientation,1000,0,1000,0
673,10003059,Parent Orientation,1000,0,1000,0
674,10003028,Parent Orientation,1000,0,1000,0
675,10002830,Parent Orientation,1000,0,1000,0
676,10002607,Parent Orientation,1000,0,1000,0
677,10002823,Parent Orientation,1000,0,1000,0
678,10002469,Parent Orientation,1000,1000,0,0
679,10002468,Parent Orientation,1000,0,1000,0
680,10001819,Parent Orientation,1000,0,1000,0
681,10002696,Parent Orientation,1000,0,0,1000
682,10002241,Parent Orientation,1000,0,1000,0
683,10002203,Parent Orientation,1000,0,1000,0
684,10002024,Parent Orientation,1000,1000,0,0
685,10002019,Parent Orientation,1000,0,1000,0
686,10002045,Parent Orientation,1000,0,1000,0
687,10002121,Parent Orientation,1000,0,1000,0
688,10002055,Parent Orientation,1000,1000,0,0
689,10003037,Parent Orientation,1000,0,1000,0
690,10002602,Parent Orientation,1000,0,1000,0
691,10002450,Parent Orientation,1000,0,1000,0
692,10002046,Parent Orientation,1000,0,1000,0
693,10001996,Parent Orientation,1000,0,1000,0
694,10002173,Parent Orientation,1000,1000,0,0
695,10002230,Parent Orientation,1000,0,1000,0
696,10002030,Parent Orientation,1000,0,1000,0
697,10002012,Parent Orientation,1000,0,1000,0
698,10002011,Parent Orientation,1000,0,1000,0
699,10002076,Parent Orientation,1000,0,1000,0
700,10002025,Parent Orientation,1000,0,1000,0
701,10002465,Parent Orientation,1000,0,1000,0
702,10003234,Parent Orientation,1000,0,1000,0
703,10003162,Parent Orientation,1000,0,1000,0
704,10001992,Parent Orientation,1000,0,1000,0
705,10002834,Parent Orientation,1000,0,1000,0
706,10002865,Parent Orientation,1000,0,1000,0
707,10002541,Parent Orientation,1000,0,1000,0
708,10002077,Parent Orientation,1000,0,1000,0
709,10002558,Parent Orientation,1000,0,1000,0
710,10002461,Parent Orientation,1000,0,1000,0
711,10002253,Parent Orientation,1000,0,1000,0
712,10002007,Parent Orientation,1000,0,1000,0
713,10002010,Parent Orientation,1000,1000,0,0
714,10002118,Parent Orientation,1000,0,0,1000
715,10002120,Parent Orientation,1000,0,1000,0
716,10002016,Parent Orientation,1000,0,1000,0
717,10002220,Parent Orientation,1000,0,1000,0
718,10002714,Parent Orientation,1000,0,1000,0
719,10002224,Parent Orientation,1000,0,1000,0
720,10002332,Parent Orientation,1000,0,0,1000
721,10002028,Parent Orientation,1000,0,0,1000
722,10002059,Parent Orientation,1000,0,0,1000
723,10002634,Parent Orientation,1000,0,1000,0
724,10002463,Parent Orientation,1000,1000,0,0
725,10002710,Parent Orientation,1000,1000,0,0
726,10002670,Parent Orientation,1000,0,1000,0
727,10002664,Parent Orientation,1000,0,1000,0
728,10002663,Parent Orientation,1000,0,1000,0
729,10002662,Parent Orientation,1000,0,1000,0
730,10002661,Parent Orientation,1000,0,1000,0
731,10002660,Parent Orientation,1000,0,1000,0
732,10002659,Parent Orientation,1000,0,1000,0
733,10003257,Parent Orientation,1000,0,1000,0
734,10003260,Parent Orientation,1000,0,1000,0
735,10003168,Parent Orientation,1000,0,1000,0
736,10003152,Parent Orientation,1000,0,0,1000
737,10003074,Parent Orientation,1000,0,1000,0
738,10002725,Parent Orientation,1000,0,1000,0
739,10002701,Parent Orientation,1000,0,0,1000
740,10002698,Parent Orientation,1000,0,1000,0
741,10002693,Parent Orientation,1000,0,1000,0
742,10002690,Parent Orientation,1000,0,1000,0
743,10002692,Parent Orientation,1000,0,1000,0
744,10002687,Parent Orientation,1000,0,1000,0
745,10002686,Parent Orientation,1000,0,1000,0
746,10002680,Parent Orientation,1000,1000,0,0
747,10002679,Parent Orientation,1000,0,1000,0
748,10002678,Parent Orientation,1000,0,1000,0
749,10002657,Parent Orientation,1000,1000,0,0
750,10002130,Parent Orientation,1000,0,1000,0
751,10002488,Parent Orientation,1000,0,1000,0
752,10002071,Parent Orientation,1000,0,1000,0
753,10002156,Parent Orientation,1000,1000,0,0
754,10002482,Parent Orientation,1000,0,1000,0
755,10002438,Parent Orientation,1000,1000,0,0
756,10002431,Parent Orientation,1000,0,1000,0
757,10002654,Parent Orientation,1000,0,1000,0
758,10002643,Parent Orientation,1000,0,0,1000
759,10002608,Parent Orientation,1000,0,0,1000
760,10003255,Parent Orientation,1000,0,1000,0
761,10002845,Parent Orientation,1000,0,1000,0
762,10003105,Parent Orientation,1000,0,1000,0
763,10002964,Parent Orientation,1000,0,1000,0
764,10002467,Parent Orientation,1000,0,1000,0
765,10002923,Parent Orientation,1000,0,1000,0
766,10002815,Parent Orientation,1000,0,1000,0
767,10002767,Parent Orientation,1000,0,1000,0
768,10002761,Parent Orientation,1000,0,1000,0
769,10002573,Parent Orientation,1000,0,1000,0
770,10002445,Parent Orientation,1000,0,1000,0
771,10002413,Parent Orientation,1000,0,1000,0
772,10002616,Parent Orientation,1000,0,1000,0
773,10002557,Parent Orientation,1000,0,1000,0
774,10002481,Parent Orientation,1000,0,1000,0
775,10002435,Parent Orientation,1000,0,1000,0
776,10003000,Parent Orientation,1000,0,1000,0
777,10003041,Parent Orientation,1000,0,1000,0
778,10003025,Parent Orientation,1000,0,1000,0
779,10002999,Parent Orientation,1000,0,1000,0
780,10002998,Parent Orientation,1000,0,1000,0
781,10003102,Parent Orientation,1000,0,1000,0
782,10002384,Parent Orientation,1000,0,1000,0
783,10002237,Parent Orientation,1000,0,1000,0
784,10002392,Parent Orientation,1000,0,1000,0
785,10002275,Parent Orientation,1000,0,1000,0
786,10002245,Parent Orientation,1000,0,1000,0
787,10002235,Parent Orientation,1000,0,1000,0
788,10003117,Parent Orientation,1000,0,1000,0
789,10003046,Parent Orientation,1000,0,0,1000
790,10002904,Parent Orientation,1000,0,1000,0
791,10002832,Parent Orientation,1000,0,1000,0
792,10002350,Parent Orientation,1000,0,1000,0
793,10002861,Parent Orientation,1000,1000,0,0
794,10002824,Parent Orientation,1000,0,1000,0
795,10002768,Parent Orientation,1000,0,1000,0
796,10002762,Parent Orientation,1000,0,1000,0
797,10002408,Parent Orientation,1000,0,1000,0
798,10002429,Parent Orientation,1000,0,1000,0
799,10002600,Parent Orientation,1000,0,1000,0
800,10002380,Parent Orientation,1000,0,1000,0
801,10002396,Parent Orientation,1000,1000,0,0
802,10002249,Parent Orientation,1000,0,1000,0
803,10002347,Parent Orientation,1000,0,1000,0
804,10003005,Parent Orientation,1000,0,1000,0
805,10003003,Parent Orientation,1000,0,1000,0
806,10003002,Parent Orientation,1000,0,1000,0
807,10003001,Parent Orientation,1000,0,1000,0
808,10003022,Parent Orientation,1000,0,1000,0
809,10003021,Parent Orientation,1000,0,1000,0
810,10002238,Parent Orientation,1000,0,1000,0
811,10002601,Parent Orientation,1000,0,1000,0
812,10002390,Parent Orientation,1000,0,1000,0
813,10002225,Parent Orientation,1000,0,1000,0
814,10002310,Parent Orientation,1000,0,1000,0
815,10002255,Parent Orientation,1000,0,1000,0
816,10002610,Parent Orientation,1000,0,1000,0
817,10003153,Parent Orientation,1000,0,1000,0
818,10002365,Parent Orientation,1000,0,1000,0
819,10003047,Parent Orientation,1000,0,1000,0
820,10002876,Parent Orientation,1000,0,1000,0
821,10002840,Parent Orientation,1000,0,1000,0
822,10002242,Parent Orientation,1000,0,1000,0
823,10002434,Parent Orientation,1000,0,1000,0
824,10002724,Parent Orientation,1000,0,1000,0
825,10002702,Parent Orientation,1000,0,1000,0
826,10002412,Parent Orientation,1000,0,1000,0
827,10002404,Parent Orientation,1000,0,1000,0
828,10002779,Parent Orientation,1000,0,1000,0
829,10002418,Parent Orientation,1000,0,1000,0
830,10002406,Parent Orientation,1000,0,1000,0
831,10002219,Parent Orientation,1000,0,0,1000
832,10003004,Parent Orientation,1000,0,1000,0
833,10003020,Parent Orientation,1000,1000,0,0
834,10003015,Parent Orientation,1000,0,1000,0
835,10003013,Parent Orientation,1000,0,1000,0
836,10003011,Parent Orientation,1000,0,1000,0
837,10003085,Parent Orientation,1000,1000,0,0
838,10002333,Parent Orientation,1000,0,1000,0
839,10002229,Parent Orientation,1000,1000,0,0
840,10002226,Parent Orientation,1000,0,0,1000
841,10002351,Parent Orientation,1000,0,1000,0
842,10002246,Parent Orientation,1000,0,1000,0
843,10002240,Parent Orientation,1000,0,1000,0
844,10002227,Parent Orientation,1000,0,1000,0
845,10002912,Parent Orientation,1000,0,1000,0
846,10002843,Parent Orientation,1000,0,1000,0
847,10002244,Parent Orientation,1000,0,0,1000
848,10002828,Parent Orientation,1000,0,1000,0
849,10002248,Parent Orientation,1000,0,1000,0
850,10002839,Parent Orientation,1000,0,1000,0
851,10002760,Parent Orientation,1000,0,1000,0
852,10002421,Parent Orientation,1000,0,1000,0
853,10002611,Parent Orientation,1000,0,1000,0
854,10002417,Parent Orientation,1000,0,1000,0
855,10002359,Parent Orientation,1000,0,1000,0
856,10002348,Parent Orientation,1000,0,1000,0
857,10002228,Parent Orientation,1000,0,1000,0
858,10003007,Parent Orientation,1000,0,1000,0
859,10003042,Parent Orientation,1000,0,1000,0
860,10003040,Parent Orientation,1000,0,1000,0
861,10003024,Parent Orientation,1000,0,1000,0
862,10003012,Parent Orientation,1000,0,1000,0
863,10003010,Parent Orientation,1000,0,1000,0
864,10002727,Parent Orientation,1000,0,1000,0
865,10002424,Parent Orientation,1000,0,1000,0
866,10002726,Parent Orientation,1000,0,1000,0
867,10002665,Parent Orientation,1000,0,1000,0
868,10002407,Parent Orientation,1000,0,1000,0
869,10002403,Parent Orientation,1000,0,1000,0
870,10002400,Parent Orientation,1000,0,1000,0
871,10003305,Parent Orientation,1000,0,1000,0
872,10003220,Parent Orientation,1000,0,1000,0
873,10003207,Parent Orientation,1000,0,1000,0
874,10003017,Parent Orientation,1000,0,1000,0
875,10003016,Parent Orientation,1000,0,1000,0
876,10002983,Parent Orientation,1000,0,1000,0
877,10002399,Parent Orientation,1000,0,1000,0
878,10002691,Parent Orientation,1000,0,1000,0
879,10002583,Parent Orientation,1000,0,1000,0
880,10002588,Parent Orientation,1000,0,1000,0
881,10002587,Parent Orientation,1000,0,1000,0
882,10002598,Parent Orientation,1000,0,1000,0
883,10002596,Parent Orientation,1000,1000,0,0
884,10002563,Parent Orientation,1000,0,1000,0
885,10002483,Parent Orientation,1000,0,1000,0
886,10002730,Parent Orientation,1000,0,1000,0
887,10002411,Parent Orientation,1000,0,1000,0
888,10002427,Parent Orientation,1000,0,1000,0
889,10002437,Parent Orientation,1000,0,1000,0
890,10002433,Parent Orientation,1000,0,1000,0
891,10002734,Parent Orientation,1000,0,1000,0
892,10002731,Parent Orientation,1000,0,0,1000
893,10002426,Parent Orientation,1000,0,1000,0
894,10002480,Parent Orientation,1000,0,1000,0
895,10003156,Parent Orientation,1000,0,1000,0
896,10002415,Parent Orientation,1000,0,1000,0
897,10003055,Parent Orientation,1000,0,1000,0
898,10003039,Parent Orientation,1000,0,1000,0
899,10002992,Parent Orientation,1000,0,1000,0
900,10002976,Parent Orientation,1000,0,1000,0
901,10002980,Parent Orientation,1000,0,1000,0
902,10002729,Parent Orientation,1000,0,0,1000
903,10002656,Parent Orientation,1000,0,1000,0
904,10002640,Parent Orientation,1000,0,1000,0
905,10002593,Parent Orientation,1000,0,1000,0
906,10002591,Parent Orientation,1000,0,1000,0
907,10002386,Parent Orientation,1000,0,1000,0
908,10002381,Parent Orientation,1000,0,1000,0
909,10002398,Parent Orientation,1000,0,1000,0
910,10002473,Parent Orientation,1000,0,1000,0
911,10002416,Parent Orientation,1000,0,1000,0
912,10002844,Parent Orientation,1000,0,1000,0
913,10002838,Parent Orientation,0,0,0,0
914,10002833,Parent Orientation,1000,0,1000,0
915,10002942,Parent Orientation,1000,0,1000,0
916,10002829,Parent Orientation,1000,0,1000,0
917,10002813,Parent Orientation,1000,0,1000,0
918,10002799,Parent Orientation,1000,0,1000,0
919,10003288,Parent Orientation,1000,0,1000,0
920,10003202,Parent Orientation,1000,0,0,1000
921,10003098,Parent Orientation,1000,0,1000,0
922,10002794,Parent Orientation,1000,0,1000,0
923,10003073,Parent Orientation,1000,0,1000,0
924,10003064,Parent Orientation,1000,0,1000,0
925,10003052,Parent Orientation,1000,0,1000,0
926,10003034,Parent Orientation,1000,0,1000,0
927,10002994,Parent Orientation,1000,1000,0,0
928,10002982,Parent Orientation,1000,0,1000,0
929,10002975,Parent Orientation,1000,0,1000,0
930,10002960,Parent Orientation,1000,0,1000,0
931,10002959,Parent Orientation,1000,0,1000,0
932,10002251,Parent Orientation,1000,0,1000,0
933,10002781,Parent Orientation,1000,0,1000,0
934,10003227,Parent Orientation,1000,0,1000,0
935,10003182,Parent Orientation,1000,0,1000,0
936,10003231,Parent Orientation,1000,0,1000,0
937,10003184,Parent Orientation,1000,0,1000,0
938,10003232,Parent Orientation,1000,0,1000,0
939,10003206,Parent Orientation,1000,0,1000,0
940,10003177,Parent Orientation,1000,0,1000,0
941,10003246,Parent Orientation,1000,0,1000,0
942,10003250,Parent Orientation,1000,0,1000,0
943,10003189,Parent Orientation,1000,0,1000,0
944,10003226,Parent Orientation,1000,0,1000,0
945,10003265,Parent Orientation,1000,0,1000,0
946,10003198,Parent Orientation,1000,0,1000,0
947,10003181,Parent Orientation,1000,0,1000,0
948,10003186,Parent Orientation,1000,0,1000,0
949,10003180,Parent Orientation,1000,0,1000,0
950,10003225,Parent Orientation,1000,0,1000,0
951,10003197,Parent Orientation,1000,0,1000,0
952,10003203,Parent Orientation,1000,0,1000,0
953,10003183,Parent Orientation,1000,0,1000,0
954,10003233,Parent Orientation,1000,0,1000,0
955,10003191,Parent Orientation,1000,0,1000,0
956,10003252,Parent Orientation,1000,0,1000,0
957,10003188,Parent Orientation,1000,0,1000,0
958,10003178,Parent Orientation,1000,0,1000,0
959,10003179,Parent Orientation,1000,1000,0,0
960,10002644,Parent Orientation,1000,0,1000,0
961,10002638,Parent Orientation,1000,0,1000,0
962,10002641,Parent Orientation,1000,0,1000,0
963,10002577,Parent Orientation,1000,0,1000,0
964,10002579,Parent Orientation,1000,0,0,1000
965,10002585,Parent Orientation,1000,0,1000,0
966,10002578,Parent Orientation,1000,1000,0,0
967,10003282,Parent Orientation,1000,1000,0,0
968,10003195,Parent Orientation,1000,0,1000,0
969,10003192,Parent Orientation,1000,0,1000,0
970,10003190,Parent Orientation,1000,0,1000,0
971,10002704,Parent Orientation,1000,0,1000,0
972,10002580,Parent Orientation,1000,0,1000,0
973,10003167,Parent Orientation,1000,0,1000,0
974,10003166,Parent Orientation,1000,0,1000,0
975,10003134,Parent Orientation,1000,0,1000,0
976,10002821,Parent Orientation,1000,1000,0,0
977,10002836,Parent Orientation,1000,0,1000,0
978,10002817,Parent Orientation,1000,0,0,1000
979,10002806,Parent Orientation,1000,0,1000,0
980,10002796,Parent Orientation,1000,0,1000,0
981,10002784,Parent Orientation,1000,0,1000,0
982,10002581,Parent Orientation,1000,0,1000,0
983,10002752,Parent Orientation,1000,0,1000,0
984,10002745,Parent Orientation,1000,0,1000,0
985,10002743,Parent Orientation,1000,0,1000,0
986,10002741,Parent Orientation,1000,0,1000,0
987,10002739,Parent Orientation,1000,0,1000,0
988,10002738,Parent Orientation,1000,0,1000,0
989,10002737,Parent Orientation,1000,0,1000,0
990,10003277,Parent Orientation,1000,0,1000,0
991,10003258,Parent Orientation,1000,0,1000,0
992,10003222,Parent Orientation,1000,0,1000,0
993,10002736,Parent Orientation,1000,0,1000,0
994,10003148,Parent Orientation,1000,0,1000,0
995,10002826,Parent Orientation,1000,0,1000,0
996,10002825,Parent Orientation,1000,0,1000,0
997,10002811,Parent Orientation,1000,0,1000,0
998,10002798,Parent Orientation,1000,0,1000,0
999,10002793,Parent Orientation,1000,0,1000,0
1000,10002789,Parent Orientation,1000,0,1000,0
1001,10002783,Parent Orientation,1000,0,0,1000
1002,10002754,Parent Orientation,1000,0,1000,0
1003,10002753,Parent Orientation,1000,0,1000,0
1004,10002735,Parent Orientation,1000,0,1000,0
1005,10003072,Parent Orientation,1000,0,1000,0
1006,10003048,Parent Orientation,1000,0,1000,0
1007,10002898,Parent Orientation,1000,0,1000,0
1008,10002990,Parent Orientation,1000,0,1000,0
1009,10002899,Parent Orientation,1000,0,0,1000
1010,10002884,Parent Orientation,1000,0,1000,0
1011,10002820,Parent Orientation,1000,0,1000,0
1012,10003211,Parent Orientation,1000,0,1000,0
1013,10003196,Parent Orientation,1000,0,1000,0
1014,10003194,Parent Orientation,1000,0,1000,0
1015,10002878,Parent Orientation,1000,0,1000,0
1016,10003173,Parent Orientation,1000,0,1000,0
1017,10003119,Parent Orientation,1000,0,1000,0
1018,10002787,Parent Orientation,1000,0,1000,0
1019,10003114,Parent Orientation,1000,0,1000,0
1020,10003058,Parent Orientation,0,0,0,0
1021,10003056,Parent Orientation,1000,0,1000,0
1022,10002927,Parent Orientation,1000,0,1000,0
1023,10002853,Parent Orientation,1000,0,1000,0
1024,10003087,Parent Orientation,1000,1000,0,0
1025,10002849,Parent Orientation,1000,0,1000,0
1026,10003057,Parent Orientation,1000,0,0,1000
1027,10002995,Parent Orientation,0,0,0,0
1028,10003097,Parent Orientation,1000,0,1000,0
1029,10003062,Parent Orientation,0,0,0,0
1030,10003043,Parent Orientation,0,0,0,0
1031,10003306,Parent Orientation,0,0,0,0
1032,10003031,Parent Orientation,0,0,0,0
1033,10003283,Parent Orientation,0,0,0,0
1034,10003281,Parent Orientation,0,0,0,0
1035,10003175,Parent Orientation,0,0,0,0
1036,10003163,Parent Orientation,0,0,0,0
1037,10003154,Parent Orientation,1000,0,1000,0
1038,10003140,Parent Orientation,0,0,0,0
1039,10003136,Parent Orientation,0,0,0,0
1040,10002882,Parent Orientation,1000,0,1000,0
1041,10003090,Parent Orientation,0,0,0,0
1042,10003026,Parent Orientation,0,0,0,0
1043,10002988,Parent Orientation,0,0,0,0
1044,10002877,Parent Orientation,1000,0,1000,0
1045,10002875,Parent Orientation,1000,0,1000,0
1046,10002871,Parent Orientation,1000,0,1000,0
1047,10002856,Parent Orientation,1000,0,1000,0
1048,10002852,Parent Orientation,1000,0,1000,0
1049,10002847,Parent Orientation,1000,0,1000,0
1050,10002822,Parent Orientation,1000,0,1000,0
1051,10003292,Parent Orientation,1000,0,1000,0
1052,10003263,Parent Orientation,1000,0,1000,0
1053,10002819,Parent Orientation,1000,0,1000,0
1054,10003237,Parent Orientation,1000,0,1000,0
1055,10002987,Parent Orientation,1000,1000,0,0
1056,10002981,Parent Orientation,1000,0,1000,0
1057,10002956,Parent Orientation,1000,0,1000,0
1058,10002944,Parent Orientation,1000,0,1000,0
1059,10002900,Parent Orientation,1000,0,1000,0
1060,10002791,Parent Orientation,1000,0,1000,0
1061,10002746,Parent Orientation,1000,0,1000,0
1062,10002892,Parent Orientation,1000,0,1000,0
1063,10002889,Parent Orientation,1000,0,1000,0
1064,10002818,Parent Orientation,1000,0,1000,0
1065,10002757,Parent Orientation,1000,0,1000,0
1066,10002756,Parent Orientation,1000,0,1000,0
1067,10002748,Parent Orientation,1000,0,1000,0
1068,10002747,Parent Orientation,1000,0,1000,0
1069,10002744,Parent Orientation,1000,0,1000,0
1070,10002742,Parent Orientation,1000,0,1000,0
1071,10002848,Parent Orientation,1000,0,1000,0
1072,10002740,Parent Orientation,1000,0,1000,0
1073,10002808,Parent Orientation,1000,0,1000,0
1074,10002957,Parent Orientation,1000,0,1000,0
1075,10002955,Parent Orientation,1000,0,1000,0
1076,10002949,Parent Orientation,1000,0,1000,0
1077,10002945,Parent Orientation,1000,0,1000,0
1078,10002812,Parent Orientation,1000,0,1000,0
1079,10002810,Parent Orientation,1000,1000,0,0
1080,10002809,Parent Orientation,1000,0,1000,0
1081,10002797,Parent Orientation,1000,0,0,1000
1082,10002795,Parent Orientation,1000,0,1000,0
1083,10002786,Parent Orientation,1000,0,1000,0
1084,10002802,Parent Orientation,1000,0,1000,0
1085,10003093,Parent Orientation,1000,0,1000,0
1086,10003054,Parent Orientation,1000,0,1000,0
1087,10002978,Parent Orientation,1000,0,1000,0
1088,10002977,Parent Orientation,1000,0,1000,0
1089,10002954,Parent Orientation,1000,0,1000,0
1090,10002950,Parent Orientation,1000,0,1000,0
1091,10002948,Parent Orientation,1000,0,1000,0
1092,10002947,Parent Orientation,1000,0,1000,0
1093,10003138,Parent Orientation,1000,0,1000,0
1094,10003128,Parent Orientation,1000,0,0,1000
1095,10003129,Parent Orientation,1000,0,0,1000
1096,10003126,Parent Orientation,1000,0,1000,0
1097,10003107,Parent Orientation,1000,0,1000,0
1098,10003099,Parent Orientation,1000,0,1000,0
1099,10002943,Parent Orientation,1000,0,1000,0
1100,10003297,Parent Orientation,1000,0,1000,0
1101,10003291,Parent Orientation,1000,0,1000,0
1102,10003259,Parent Orientation,1000,0,1000,0
1103,10003242,Parent Orientation,1000,0,1000,0
1104,10003224,Parent Orientation,1000,0,1000,0
1105,10003217,Parent Orientation,1000,0,1000,0
1106,10003165,Parent Orientation,1000,0,1000,0
1107,10003144,Parent Orientation,1000,0,1000,0
1108,10003267,Parent Orientation,1000,0,1000,0
1109,10003208,Parent Orientation,1000,0,1000,0
1110,10003228,Parent Orientation,1000,0,1000,0
1111,10003216,Parent Orientation,1000,0,1000,0
1112,10003212,Parent Orientation,1000,0,0,1000
1113,10003143,Parent Orientation,1000,0,1000,0
1114,10003123,Parent Orientation,1000,0,1000,0
1115,10003124,Parent Orientation,1000,0,1000,0
1116,10003032,Parent Orientation,1000,0,1000,0
1117,10002970,Parent Orientation,1000,0,1000,0
1118,10002967,Parent Orientation,1000,0,1000,0
1119,10002958,Parent Orientation,1000,0,1000,0
1120,10002953,Parent Orientation,1000,0,1000,0
1121,10002952,Parent Orientation,1000,0,1000,0
1122,10002951,Parent Orientation,1000,0,1000,0
1123,10002938,Parent Orientation,1000,0,1000,0
1124,10003127,Parent Orientation,1000,0,1000,0
1125,10003118,Parent Orientation,1000,0,1000,0
1126,10003071,Parent Orientation,1000,0,1000,0
1127,10002931,Parent Orientation,1000,0,1000,0
1128,10003200,Parent Orientation,1000,1000,0,0
1129,10003176,Parent Orientation,1000,0,1000,0
1130,10003088,Parent Orientation,1000,0,1000,0
1131,10003141,Parent Orientation,1000,0,1000,0
1132,10003139,Parent Orientation,1000,0,1000,0
1133,10003122,Parent Orientation,1000,0,1000,0
1134,10003131,Parent Orientation,1000,0,1000,0
1135,10003241,Parent Orientation,1000,1000,0,0
1136,10003125,Parent Orientation,1000,0,1000,0
1137,10003308,Parent Orientation,1000,0,1000,0
1138,10003205,Parent Orientation,1000,0,1000,0
1139,10003201,Parent Orientation,1000,0,1000,0
1140,10003193,Parent Orientation,1000,0,1000,0
1141,10003110,Parent Orientation,1000,0,1000,0
1142,10003157,Parent Orientation,1000,0,1000,0
1143,10003142,Parent Orientation,0,0,0,0
1144,10003132,Parent Orientation,1000,0,1000,0
1145,10003130,Parent Orientation,1000,0,1000,0
1146,10003247,Parent Orientation,1000,1000,0,0
1147,10003235,Parent Orientation,1000,0,1000,0
1148,10003145,Parent Orientation,1000,0,1000,0
1149,10003121,Parent Orientation,1000,0,1000,0
1150,10003272,Parent Orientation,1000,0,0,1000
1151,10003309,Parent Orientation,1000,0,1000,0
1152,10003310,Parent Orientation,1000,0,1000,0
1153,10003311,Parent Orientation,1000,0,1000,0
1154,10003312,Parent Orientation,1000,0,1000,0
1155,10003314,Parent Orientation,1000,0,1000,0
1156,10003315,Parent Orientation,1000,0,1000,0
1157,10003316,Parent Orientation,1000,1000,0,0
1158,10003317,Parent Orientation,1000,0,1000,0
1159,10003318,Parent Orientation,1000,0,1000,0
1160,10003319,Parent Orientation,1000,1000,0,0
1161,10003320,Parent Orientation,1000,0,1000,0
1162,10003321,Parent Orientation,1000,0,1000,0
1163,10003322,Parent Orientation,1000,0,1000,0
1164,10003323,Parent Orientation,1000,0,1000,0
1165,10003324,Parent Orientation,1000,0,1000,0
1166,10003325,Parent Orientation,1000,0,1000,0
1167,10003326,Parent Orientation,1000,0,1000,0
1168,10003327,Parent Orientation,1000,0,1000,0
1169,10003328,Parent Orientation,1000,0,1000,0
1170,10003329,Parent Orientation,1000,0,1000,0
1171,10003330,Parent Orientation,1000,0,1000,0
1172,10003331,Parent Orientation,1000,0,1000,0
1173,10003332,Parent Orientation,1000,0,1000,0
1174,10003333,Parent Orientation,1000,0,1000,0
1175,10003334,Parent Orientation,1000,0,1000,0
1176,10003335,Parent Orientation,1000,0,0,1000
1177,10003336,Parent Orientation,1000,0,1000,0
1178,10003337,Parent Orientation,1000,0,1000,0
1179,10003338,Parent Orientation,1000,0,1000,0
1180,10003339,Parent Orientation,1000,0,1000,0
1181,10003340,Parent Orientation,1000,0,1000,0
1182,10003341,Parent Orientation,1000,0,1000,0
1183,10003342,Parent Orientation,1000,0,1000,0
1184,10003343,Parent Orientation,1000,0,1000,0
1185,10003344,Parent Orientation,1000,0,1000,0
1186,10003375,Parent Orientation,1000,0,1000,0
1187,10003345,Parent Orientation,1000,0,1000,0
1188,10003346,Parent Orientation,1000,0,1000,0
1189,10003347,Parent Orientation,1000,0,1000,0
1190,10003348,Parent Orientation,1000,0,1000,0
1191,10003349,Parent Orientation,1000,0,1000,0
1192,10003350,Parent Orientation,1000,0,1000,0
1193,10003351,Parent Orientation,1000,0,1000,0
1194,10003352,Parent Orientation,1000,0,1000,0
1195,10003353,Parent Orientation,1000,0,1000,0
1196,10003354,Parent Orientation,1000,0,1000,0
1197,10003355,Parent Orientation,1000,0,1000,0
1198,10003358,Parent Orientation,1000,0,1000,0
1199,10003363,Parent Orientation,1000,0,1000,0
1200,10003366,Parent Orientation,1000,0,1000,0
1201,10003243,Parent Orientation,1000,0,1000,0
1202,10003376,Parent Orientation,1000,0,1000,0
1203,10003377,Parent Orientation,1000,0,1000,0
1204,10003378,Parent Orientation,1000,0,1000,0
1205,10003379,Parent Orientation,1000,0,1000,0
1206,10003380,Parent Orientation,1000,0,1000,0
1207,10003381,Parent Orientation,1000,0,1000,0
1208,10003382,Parent Orientation,1000,1000,0,0
1209,10003383,Parent Orientation,1000,0,1000,0
1210,10003384,Parent Orientation,1000,1000,0,0
1211,10003385,Parent Orientation,1000,0,1000,0
1212,10003386,Parent Orientation,1000,0,1000,0
1213,10003387,Parent Orientation,1000,0,1000,0
1214,10003389,Parent Orientation,1000,0,1000,0
1215,10003390,Parent Orientation,1000,0,1000,0
1216,10003391,Parent Orientation,1000,0,1000,0
1217,10003392,Parent Orientation,1000,0,1000,0
1218,10003393,Parent Orientation,1000,0,1000,0
1219,10003394,Parent Orientation,1000,0,1000,0
1220,10003395,Parent Orientation,1000,0,1000,0
1221,10003396,Parent Orientation,1000,0,1000,0
1222,10003397,Parent Orientation,1000,0,1000,0
1223,10003398,Parent Orientation,1000,0,1000,0
1224,10003399,Parent Orientation,1000,0,1000,0
1225,10003400,Parent Orientation,1000,0,1000,0
1226,10003401,Parent Orientation,1000,1000,0,0
1227,10002471,Parent Orientation,1000,0,1000,0
1228,10002940,Parent Orientation,1000,0,1000,0
1229,10003402,Parent Orientation,1000,0,1000,0
1230,10000905,Parent Orientation,1000,0,1000,0
1231,10003403,Parent Orientation,1000,0,1000,0
1232,10001683,Parent Orientation,1000,0,1000,0
1233,10003404,Parent Orientation,1000,0,1000,0
1234,10001975,Parent Orientation,1000,1000,0,0
1235,10001110,Parent Orientation,1000,0,1000,0
1236,10003405,Parent Orientation,1000,0,1000,0
1237,10003406,Parent Orientation,1000,0,1000,0
1238,10001359,Parent Orientation,1000,0,1000,0
1239,10001570,Parent Orientation,1000,0,1000,0
1240,10002545,Parent Orientation,1000,0,1000,0
1241,10001122,Parent Orientation,1000,0,1000,0
1242,10000972,Parent Orientation,1000,0,1000,0
1243,10001111,Parent Orientation,1000,0,1000,0
1244,10003407,Parent Orientation,1000,0,1000,0
1245,10003408,Parent Orientation,1000,0,1000,0
1246,10000978,Parent Orientation,1000,0,1000,0
1247,10003409,Parent Orientation,1000,0,0,1000
1248,10000960,Parent Orientation,1000,0,0,1000
1249,10001004,Parent Orientation,1000,0,1000,0
1250,10002559,Parent Orientation,1000,0,1000,0
1251,10000968,Parent Orientation,1000,0,1000,0
1252,10000970,Parent Orientation,1000,0,0,1000
1253,10001343,Parent Orientation,1000,0,1000,0
1254,10001179,Parent Orientation,1000,0,1000,0
1255,10001210,Parent Orientation,1000,0,1000,0
1256,10001257,Parent Orientation,1000,0,1000,0
1257,10001258,Parent Orientation,1000,0,1000,0
1258,10001538,Parent Orientation,1000,0,1000,0
1259,10003410,Parent Orientation,1000,1000,0,0
1260,10003411,Parent Orientation,1000,0,1000,0
1261,10002367,Parent Orientation,1000,0,1000,0
1262,10001219,Parent Orientation,1000,0,1000,0
1263,10002339,Parent Orientation,1000,1000,0,0
1264,10001421,Parent Orientation,1000,0,1000,0
1265,10001006,Parent Orientation,1000,1000,0,0
1266,10003412,Parent Orientation,1000,0,1000,0
1267,10001593,Parent Orientation,1000,0,1000,0
1268,10001096,Parent Orientation,1000,0,1000,0
1269,10001850,Parent Orientation,1000,1000,0,0
1270,10003413,Parent Orientation,1000,0,1000,0
1271,10001373,Parent Orientation,1000,0,1000,0
1272,10003414,Parent Orientation,1000,0,1000,0
1273,10003415,Parent Orientation,1000,0,1000,0
1274,10003416,Parent Orientation,1000,0,1000,0
1275,10001363,Parent Orientation,1000,0,1000,0
1276,10003417,Parent Orientation,1000,0,1000,0
1277,10003418,Parent Orientation,1000,0,1000,0
1278,10003419,Parent Orientation,1000,0,1000,0
1279,10003420,Parent Orientation,1000,0,1000,0
1280,10001184,Parent Orientation,1000,0,1000,0
1281,10002683,Parent Orientation,1000,0,1000,0
1282,10003421,Parent Orientation,1000,0,1000,0
1283,10003422,Parent Orientation,1000,0,1000,0
1284,10003423,Parent Orientation,1000,0,1000,0
1285,10002921,Parent Orientation,1000,0,1000,0
1286,10001069,Parent Orientation,1000,0,1000,0
1287,10003424,Parent Orientation,1000,0,1000,0
1288,10003425,Parent Orientation,1000,0,1000,0
1289,10003426,Parent Orientation,1000,0,1000,0
1290,10001259,Parent Orientation,1000,0,1000,0
1291,10003427,Parent Orientation,1000,0,1000,0
1292,10003469,Parent Orientation,1000,0,1000,0
1293,10003429,Parent Orientation,1000,0,1000,0
1294,10002335,Parent Orientation,1000,0,1000,0
1295,10003430,Parent Orientation,1000,0,1000,0
1296,10001137,Parent Orientation,1000,0,1000,0
1297,10003431,Parent Orientation,1000,0,1000,0
1298,10003432,Parent Orientation,1000,0,1000,0
1299,10003433,Parent Orientation,1000,0,1000,0
1300,10003434,Parent Orientation,1000,0,1000,0
1301,10001140,Parent Orientation,1000,0,1000,0
1302,10003435,Parent Orientation,1000,0,1000,0
1303,10003436,Parent Orientation,1000,0,1000,0
1304,10003437,Parent Orientation,1000,0,1000,0
1305,10002605,Parent Orientation,1000,0,1000,0
1306,10001269,Parent Orientation,1000,1000,0,0
1307,10003438,Parent Orientation,1000,0,1000,0
1308,10003439,Parent Orientation,1000,0,1000,0
1309,10001394,Parent Orientation,1000,0,1000,0
1310,10003440,Parent Orientation,1000,0,1000,0
1311,10003441,Parent Orientation,1000,0,1000,0
1312,10001113,Parent Orientation,0,0,0,0
1313,10003442,Parent Orientation,1000,0,1000,0
1314,10003443,Parent Orientation,1000,0,1000,0
1315,10003444,Parent Orientation,1000,0,1000,0
1316,10001867,Parent Orientation,1000,0,1000,0
1317,10003445,Parent Orientation,1000,0,1000,0
1318,10001365,Parent Orientation,1000,1000,0,0
1319,10003446,Parent Orientation,1000,0,1000,0
1320,10003447,Parent Orientation,1000,0,1000,0
1321,10003448,Parent Orientation,1000,0,1000,0
1322,10003449,Parent Orientation,1000,0,1000,0
1323,10001209,Parent Orientation,1000,0,1000,0
1324,10001176,Parent Orientation,1000,0,1000,0
1325,10001136,Parent Orientation,1000,0,1000,0
1326,10002476,Parent Orientation,1000,0,1000,0
1327,10001949,Parent Orientation,1000,0,1000,0
1328,10001147,Parent Orientation,1000,0,1000,0
1329,10001186,Parent Orientation,1000,0,1000,0
1330,10001016,Parent Orientation,1000,0,1000,0
1331,10001173,Parent Orientation,1000,0,0,1000
1332,10003450,Parent Orientation,1000,0,1000,0
1333,10000975,Parent Orientation,1000,0,0,1000
1334,10001432,Parent Orientation,1000,0,1000,0
1335,10003451,Parent Orientation,1000,0,1000,0
1336,10001678,Parent Orientation,1000,0,1000,0
1337,10001349,Parent Orientation,1000,0,1000,0
1338,10003452,Parent Orientation,1000,0,1000,0
1339,10003453,Parent Orientation,1000,0,1000,0
1340,10002922,Parent Orientation,1000,0,1000,0
1341,10002885,Parent Orientation,1000,0,1000,0
1342,10001003,Parent Orientation,1000,0,1000,0
1343,10002782,Parent Orientation,1000,0,1000,0
1344,10003454,Parent Orientation,1000,0,1000,0
1345,10003455,Parent Orientation,1000,0,1000,0
1346,10001120,Parent Orientation,1000,0,1000,0
1347,10001012,Parent Orientation,1000,0,1000,0
1348,10001264,Parent Orientation,1000,0,1000,0
1349,10002139,Parent Orientation,1000,0,1000,0
1350,10000974,Parent Orientation,1000,0,1000,0
1351,1.00035E+13,Parent Orientation,1000,0,0,1000
1352,10003457,Parent Orientation,1000,0,1000,0
1353,10003458,Parent Orientation,0,0,0,0
1354,10003459,Parent Orientation,1000,0,1000,0
1355,10003460,Parent Orientation,1000,0,1000,0
1356,10003461,Parent Orientation,1000,0,1000,0
1357,10001055,Parent Orientation,1000,0,1000,0
1358,10003462,Parent Orientation,1000,0,1000,0
1359,10003463,Parent Orientation,1000,0,1000,0
1360,10003464,Parent Orientation,1000,0,1000,0
1361,10003465,Parent Orientation,1000,0,1000,0
1362,10003456,Parent Orientation,1000,0,1000,0
1363,10003466,Parent Orientation,1000,0,1000,0
1364,10001121,Parent Orientation,1000,0,1000,0
1365,10003467,Parent Orientation,1000,0,1000,0
1366,10002189,Parent Orientation,0,0,0,0
1367,10003388,Parent Orientation,1000,0,1000,0
1368,10003468,Parent Orientation,1000,0,1000,0
1369,10001966,Parent Orientation,0,0,0,0
1370,10003091,Parent Orientation,1000,0,1000,0
1371,10003470,Parent Orientation,1000,0,1000,0
1372,10002751,Parent Orientation,1000,0,1000,0
1373,10003428,Parent Orientation,1000,0,1000,0
1374,10003471,Parent Orientation,1000,0,1000,0
1375,10003472,Parent Orientation,1000,0,1000,0
1380,10001378,Parent Orientation,1000,0,1000,0
1381,10001666,Parent Orientation,1000,0,1000,0
1382,10000954,Parent Orientation,1000,0,1000,0
1383,10001072,Parent Orientation,1000,0,1000,0
1384,10003473,Parent Orientation,1000,0,1000,0
1385,10001946,Parent Orientation,1000,0,1000,0
1386,10001229,Parent Orientation,0,0,0,0
1387,10001118,Parent Orientation,0,0,0,0
1388,10003474,Parent Orientation,1000,1000,0,0
1389,10001005,Parent Orientation,1000,1000,0,0
1390,10003475,Parent Orientation,1000,0,1000,0
1391,10003476,Parent Orientation,1000,0,1000,0
1392,10002880,Parent Orientation,1000,0,1000,0
1393,10003477,Parent Orientation,1000,1000,0,0
1394,10003478,Parent Orientation,1000,0,1000,0
1395,10003479,Parent Orientation,1000,0,1000,0
1396,10003480,Parent Orientation,1000,0,1000,0
1397,10003481,Parent Orientation,1000,0,1000,0
1398,10003482,Parent Orientation,0,0,0,0
1399,10003483,Parent Orientation,1000,0,1000,0
1400,10003484,Parent Orientation,1000,0,1000,0
1401,10003485,Parent Orientation,1000,0,1000,0
1403,10003486,Parent Orientation,1000,0,1000,0
1404,10003487,Parent Orientation,0,0,0,0
1405,10003488,Parent Orientation,1000,0,1000,0
1406,10003489,Parent Orientation,1000,0,1000,0